{
    "annotations": {
      "list": [
        {
          "builtIn": 1,
          "datasource": "-- Grafana --",
          "enable": true,
          "hide": true,
          "iconColor": "rgba(0, 211, 255, 1)",
          "name": "Annotations & Alerts",
          "type": "dashboard"
        }
      ]
    },
    "editable": true,
    "gnetId": null,
    "graphTooltip": 0,
    "id": 1,
    "links": [],
    "panels": [
      {
        "collapsed": false,
        "datasource": null,
        "gridPos": {
          "h": 1,
          "w": 24,
          "x": 0,
          "y": 0
        },
        "id": 8,
        "panels": [],
        "title": "Web App",
        "type": "row"
      },
      {
        "datasource": null,
        "fieldConfig": {
          "defaults": {
            "custom": {},
            "mappings": [],
            "thresholds": {
              "mode": "absolute",
              "steps": [
                {
                  "color": "green",
                  "value": null
                },
                {
                  "color": "orange",
                  "value": 120
                },
                {
                  "color": "red",
                  "value": 160
                }
              ]
            }
          },
          "overrides": []
        },
        "gridPos": {
          "h": 8,
          "w": 4,
          "x": 0,
          "y": 1
        },
        "id": 17,
        "options": {
          "colorMode": "value",
          "graphMode": "area",
          "justifyMode": "auto",
          "orientation": "auto",
          "reduceOptions": {
            "calcs": [
              "mean"
            ],
            "fields": "",
            "values": false
          }
        },
        "pluginVersion": "7.0.3",
        "targets": [
          {
            "expr": "sum without(job, method, instance) (http_requests_in_progress{job=\"wb-web_web\"})",
            "interval": "",
            "legendFormat": "",
            "refId": "A"
          }
        ],
        "timeFrom": null,
        "timeShift": null,
        "title": "Current Active Requests",
        "type": "stat"
      },
      {
        "aliasColors": {},
        "bars": false,
        "dashLength": 10,
        "dashes": false,
        "datasource": null,
        "fieldConfig": {
          "defaults": {
            "custom": {},
            "mappings": [],
            "thresholds": {
              "mode": "absolute",
              "steps": [
                {
                  "color": "green",
                  "value": null
                },
                {
                  "color": "red",
                  "value": 80
                }
              ]
            }
          },
          "overrides": []
        },
        "fill": 1,
        "fillGradient": 0,
        "gridPos": {
          "h": 8,
          "w": 5,
          "x": 4,
          "y": 1
        },
        "hiddenSeries": false,
        "id": 16,
        "legend": {
          "avg": false,
          "current": false,
          "max": false,
          "min": false,
          "show": true,
          "total": false,
          "values": false
        },
        "lines": true,
        "linewidth": 1,
        "nullPointMode": "null",
        "options": {
          "dataLinks": []
        },
        "percentage": false,
        "pluginVersion": "7.0.3",
        "pointradius": 2,
        "points": false,
        "renderer": "flot",
        "seriesOverrides": [],
        "spaceLength": 10,
        "stack": false,
        "steppedLine": false,
        "targets": [
          {
            "expr": "sum without(job, method, instance) (http_requests_in_progress{job=\"wb-web_web\"})",
            "interval": "",
            "legendFormat": "{{instance}}",
            "refId": "A"
          }
        ],
        "thresholds": [],
        "timeFrom": null,
        "timeRegions": [],
        "timeShift": null,
        "title": "Active Requests",
        "tooltip": {
          "shared": true,
          "sort": 0,
          "value_type": "individual"
        },
        "type": "graph",
        "xaxis": {
          "buckets": null,
          "mode": "time",
          "name": null,
          "show": true,
          "values": []
        },
        "yaxes": [
          {
            "format": "short",
            "label": null,
            "logBase": 1,
            "max": null,
            "min": null,
            "show": true
          },
          {
            "format": "short",
            "label": null,
            "logBase": 1,
            "max": null,
            "min": null,
            "show": true
          }
        ],
        "yaxis": {
          "align": false,
          "alignLevel": null
        }
      },
      {
        "aliasColors": {},
        "bars": false,
        "dashLength": 10,
        "dashes": false,
        "datasource": null,
        "fieldConfig": {
          "defaults": {
            "custom": {}
          },
          "overrides": []
        },
        "fill": 1,
        "fillGradient": 0,
        "gridPos": {
          "h": 8,
          "w": 5,
          "x": 9,
          "y": 1
        },
        "hiddenSeries": false,
        "id": 2,
        "legend": {
          "avg": false,
          "current": false,
          "max": false,
          "min": false,
          "show": true,
          "total": false,
          "values": false
        },
        "lines": true,
        "linewidth": 1,
        "nullPointMode": "null",
        "options": {
          "dataLinks": []
        },
        "percentage": false,
        "pointradius": 2,
        "points": false,
        "renderer": "flot",
        "seriesOverrides": [],
        "spaceLength": 10,
        "stack": false,
        "steppedLine": false,
        "targets": [
          {
            "expr": "histogram_quantile(0.90, sum without(code, job, method, instance) (rate(http_request_duration_seconds_bucket{job=\"wb-web_web\", code=\"200\"}[5m])))",
            "interval": "",
            "legendFormat": "{{instance}}",
            "refId": "A"
          }
        ],
        "thresholds": [],
        "timeFrom": null,
        "timeRegions": [],
        "timeShift": null,
        "title": "90th Percentile Response",
        "tooltip": {
          "shared": true,
          "sort": 0,
          "value_type": "individual"
        },
        "type": "graph",
        "xaxis": {
          "buckets": null,
          "mode": "time",
          "name": null,
          "show": true,
          "values": []
        },
        "yaxes": [
          {
            "format": "dtdurations",
            "label": null,
            "logBase": 1,
            "max": null,
            "min": null,
            "show": true
          },
          {
            "format": "short",
            "label": null,
            "logBase": 1,
            "max": null,
            "min": null,
            "show": true
          }
        ],
        "yaxis": {
          "align": false,
          "alignLevel": null
        }
      },
      {
        "datasource": null,
        "fieldConfig": {
          "defaults": {
            "custom": {},
            "mappings": [],
            "thresholds": {
              "mode": "percentage",
              "steps": [
                {
                  "color": "green",
                  "value": null
                },
                {
                  "color": "orange",
                  "value": 60
                },
                {
                  "color": "red",
                  "value": 80
                }
              ]
            },
            "unit": "decbytes"
          },
          "overrides": []
        },
        "gridPos": {
          "h": 4,
          "w": 5,
          "x": 14,
          "y": 1
        },
        "id": 32,
        "options": {
          "orientation": "auto",
          "reduceOptions": {
            "calcs": [
              "mean"
            ],
            "fields": "",
            "values": false
          },
          "showThresholdLabels": false,
          "showThresholdMarkers": true
        },
        "pluginVersion": "7.0.3",
        "targets": [
          {
            "expr": "sum(dotnet_total_memory_bytes{job=\"wb-web_web\"})",
            "interval": "",
            "legendFormat": "Memory",
            "refId": "A"
          }
        ],
        "timeFrom": null,
        "timeShift": null,
        "title": "Memory",
        "type": "gauge"
      },
      {
        "datasource": null,
        "fieldConfig": {
          "defaults": {
            "custom": {
              "align": null,
              "displayMode": "auto"
            },
            "mappings": [],
            "thresholds": {
              "mode": "absolute",
              "steps": [
                {
                  "color": "green",
                  "value": null
                },
                {
                  "color": "red",
                  "value": 80
                }
              ]
            }
          },
          "overrides": [
            {
              "matcher": {
                "id": "byName",
                "options": "instance"
              },
              "properties": [
                {
                  "id": "custom.width",
                  "value": 193
                }
              ]
            },
            {
              "matcher": {
                "id": "byName",
                "options": "app_version"
              },
              "properties": [
                {
                  "id": "custom.width",
                  "value": 113
                }
              ]
            },
            {
              "matcher": {
                "id": "byName",
                "options": "assebmly_name"
              },
              "properties": [
                {
                  "id": "custom.width",
                  "value": 178
                }
              ]
            },
            {
              "matcher": {
                "id": "byName",
                "options": "Instance"
              },
              "properties": [
                {
                  "id": "custom.width",
                  "value": 77
                }
              ]
            },
            {
              "matcher": {
                "id": "byName",
                "options": "version"
              },
              "properties": [
                {
                  "id": "custom.width",
                  "value": 81
                }
              ]
            },
            {
              "matcher": {
                "id": "byName",
                "options": ".NET Version"
              },
              "properties": [
                {
                  "id": "custom.width",
                  "value": 111
                }
              ]
            }
          ]
        },
        "gridPos": {
          "h": 8,
          "w": 4,
          "x": 19,
          "y": 1
        },
        "id": 31,
        "options": {
          "showHeader": true,
          "sortBy": []
        },
        "pluginVersion": "7.0.3",
        "targets": [
          {
            "expr": "app_info{job=\"wb-web_web\"}",
            "format": "table",
            "instant": true,
            "interval": "",
            "legendFormat": "",
            "refId": "A"
          }
        ],
        "timeFrom": null,
        "timeShift": null,
        "title": "Info",
        "transformations": [
          {
            "id": "organize",
            "options": {
              "excludeByName": {
                "Time": true,
                "Value": true,
                "__name__": true,
                "assembly_name": true,
                "domainname": true,
                "job": true,
                "machine": true,
                "nodename": true,
                "os": true,
                "product": true,
                "runtime": true,
                "sysname": true,
                "version": false
              },
              "indexByName": {
                "Time": 0,
                "Value": 8,
                "__name__": 1,
                "instance": 3,
                "job": 4,
                "os": 2,
                "product": 5,
                "runtime": 6,
                "version": 7
              },
              "renameByName": {
                "app_version": "App Version",
                "assebmly_name": "Assembly Name",
                "dotnet_version": ".NET Version",
                "instance": "Instance"
              }
            }
          }
        ],
        "type": "table"
      },
      {
        "datasource": null,
        "fieldConfig": {
          "defaults": {
            "custom": {},
            "mappings": [],
            "thresholds": {
              "mode": "percentage",
              "steps": [
                {
                  "color": "green",
                  "value": null
                },
                {
                  "color": "red",
                  "value": 90
                }
              ]
            },
            "unit": "s"
          },
          "overrides": []
        },
        "gridPos": {
          "h": 4,
          "w": 5,
          "x": 14,
          "y": 5
        },
        "id": 33,
        "options": {
          "orientation": "auto",
          "reduceOptions": {
            "calcs": [
              "mean"
            ],
            "fields": "",
            "values": false
          },
          "showThresholdLabels": false,
          "showThresholdMarkers": true
        },
        "pluginVersion": "7.0.3",
        "targets": [
          {
            "expr": "sum(rate(process_cpu_seconds_total{job=\"wb-web_web\"}[5m]))",
            "interval": "",
            "intervalFactor": 1,
            "legendFormat": "CPU",
            "refId": "B"
          }
        ],
        "timeFrom": null,
        "timeShift": null,
        "title": "CPU",
        "type": "gauge"
      },
      {
        "datasource": null,
        "gridPos": {
          "h": 1,
          "w": 24,
          "x": 0,
          "y": 9
        },
        "id": 48,
        "title": "Stock API",
        "type": "row"
      },
      {
        "datasource": null,
        "fieldConfig": {
          "defaults": {
            "custom": {},
            "mappings": [],
            "thresholds": {
              "mode": "absolute",
              "steps": [
                {
                  "color": "green",
                  "value": null
                },
                {
                  "color": "orange",
                  "value": 120
                },
                {
                  "color": "red",
                  "value": 160
                }
              ]
            }
          },
          "overrides": []
        },
        "gridPos": {
          "h": 8,
          "w": 4,
          "x": 0,
          "y": 10
        },
        "id": 42,
        "options": {
          "colorMode": "value",
          "graphMode": "area",
          "justifyMode": "auto",
          "orientation": "auto",
          "reduceOptions": {
            "calcs": [
              "mean"
            ],
            "fields": "",
            "values": false
          }
        },
        "pluginVersion": "7.0.3",
        "targets": [
          {
            "expr": "sum without(job, instance) (http_requests_in_progress{job=\"wb-web_stock-api\"})",
            "interval": "",
            "legendFormat": "",
            "refId": "A"
          }
        ],
        "timeFrom": null,
        "timeShift": null,
        "title": "Current Active Requests",
        "type": "stat"
      },
      {
        "aliasColors": {},
        "bars": false,
        "dashLength": 10,
        "dashes": false,
        "datasource": null,
        "fieldConfig": {
          "defaults": {
            "custom": {},
            "mappings": [],
            "thresholds": {
              "mode": "absolute",
              "steps": [
                {
                  "color": "green",
                  "value": null
                },
                {
                  "color": "red",
                  "value": 80
                }
              ]
            }
          },
          "overrides": []
        },
        "fill": 1,
        "fillGradient": 0,
        "gridPos": {
          "h": 8,
          "w": 5,
          "x": 4,
          "y": 10
        },
        "hiddenSeries": false,
        "id": 43,
        "legend": {
          "avg": false,
          "current": false,
          "max": false,
          "min": false,
          "show": true,
          "total": false,
          "values": false
        },
        "lines": true,
        "linewidth": 1,
        "nullPointMode": "null",
        "options": {
          "dataLinks": []
        },
        "percentage": false,
        "pluginVersion": "7.0.3",
        "pointradius": 2,
        "points": false,
        "renderer": "flot",
        "seriesOverrides": [],
        "spaceLength": 10,
        "stack": false,
        "steppedLine": false,
        "targets": [
          {
            "expr": "sum without(job, instance) (http_requests_in_progress{job=\"wb-web_stock-api\"})",
            "interval": "",
            "legendFormat": "{{instance}}",
            "refId": "A"
          }
        ],
        "thresholds": [],
        "timeFrom": null,
        "timeRegions": [],
        "timeShift": null,
        "title": "Active Requests",
        "tooltip": {
          "shared": true,
          "sort": 0,
          "value_type": "individual"
        },
        "type": "graph",
        "xaxis": {
          "buckets": null,
          "mode": "time",
          "name": null,
          "show": true,
          "values": []
        },
        "yaxes": [
          {
            "format": "short",
            "label": null,
            "logBase": 1,
            "max": null,
            "min": null,
            "show": true
          },
          {
            "format": "short",
            "label": null,
            "logBase": 1,
            "max": null,
            "min": null,
            "show": true
          }
        ],
        "yaxis": {
          "align": false,
          "alignLevel": null
        }
      },
      {
        "aliasColors": {},
        "bars": false,
        "dashLength": 10,
        "dashes": false,
        "datasource": null,
        "fieldConfig": {
          "defaults": {
            "custom": {}
          },
          "overrides": []
        },
        "fill": 1,
        "fillGradient": 0,
        "gridPos": {
          "h": 8,
          "w": 5,
          "x": 9,
          "y": 10
        },
        "hiddenSeries": false,
        "id": 44,
        "legend": {
          "avg": false,
          "current": false,
          "max": false,
          "min": false,
          "show": true,
          "total": false,
          "values": false
        },
        "lines": true,
        "linewidth": 1,
        "nullPointMode": "null",
        "options": {
          "dataLinks": []
        },
        "percentage": false,
        "pointradius": 2,
        "points": false,
        "renderer": "flot",
        "seriesOverrides": [],
        "spaceLength": 10,
        "stack": false,
        "steppedLine": false,
        "targets": [
          {
            "expr": "histogram_quantile(0.90, sum without(job, instance) (rate(http_request_duration_seconds_bucket{job=\"wb-web_stock-api\"}[5m])))",
            "interval": "",
            "legendFormat": "{{instance}}",
            "refId": "A"
          }
        ],
        "thresholds": [],
        "timeFrom": null,
        "timeRegions": [],
        "timeShift": null,
        "title": "90th Percentile Response",
        "tooltip": {
          "shared": true,
          "sort": 0,
          "value_type": "individual"
        },
        "type": "graph",
        "xaxis": {
          "buckets": null,
          "mode": "time",
          "name": null,
          "show": true,
          "values": []
        },
        "yaxes": [
          {
            "format": "dtdurations",
            "label": null,
            "logBase": 1,
            "max": null,
            "min": null,
            "show": true
          },
          {
            "format": "short",
            "label": null,
            "logBase": 1,
            "max": null,
            "min": null,
            "show": true
          }
        ],
        "yaxis": {
          "align": false,
          "alignLevel": null
        }
      },
      {
        "datasource": null,
        "fieldConfig": {
          "defaults": {
            "custom": {},
            "mappings": [],
            "thresholds": {
              "mode": "percentage",
              "steps": [
                {
                  "color": "green",
                  "value": null
                },
                {
                  "color": "orange",
                  "value": 60
                },
                {
                  "color": "red",
                  "value": 80
                }
              ]
            },
            "unit": "decbytes"
          },
          "overrides": []
        },
        "gridPos": {
          "h": 4,
          "w": 5,
          "x": 14,
          "y": 10
        },
        "id": 45,
        "options": {
          "orientation": "auto",
          "reduceOptions": {
            "calcs": [
              "mean"
            ],
            "fields": "",
            "values": false
          },
          "showThresholdLabels": false,
          "showThresholdMarkers": true
        },
        "pluginVersion": "7.0.3",
        "targets": [
          {
            "expr": "sum(go_memstats_alloc_bytes{job=\"wb-web_stock-api\"})",
            "interval": "",
            "legendFormat": "Memory",
            "refId": "A"
          }
        ],
        "timeFrom": null,
        "timeShift": null,
        "title": "Memory",
        "type": "gauge"
      },
      {
        "datasource": null,
        "fieldConfig": {
          "defaults": {
            "custom": {
              "align": null,
              "displayMode": "auto"
            },
            "mappings": [],
            "thresholds": {
              "mode": "absolute",
              "steps": [
                {
                  "color": "green",
                  "value": null
                },
                {
                  "color": "red",
                  "value": 80
                }
              ]
            }
          },
          "overrides": [
            {
              "matcher": {
                "id": "byName",
                "options": "instance"
              },
              "properties": [
                {
                  "id": "custom.width",
                  "value": 193
                }
              ]
            },
            {
              "matcher": {
                "id": "byName",
                "options": "app_version"
              },
              "properties": [
                {
                  "id": "custom.width",
                  "value": 113
                }
              ]
            },
            {
              "matcher": {
                "id": "byName",
                "options": "assebmly_name"
              },
              "properties": [
                {
                  "id": "custom.width",
                  "value": 178
                }
              ]
            },
            {
              "matcher": {
                "id": "byName",
                "options": "Instance"
              },
              "properties": [
                {
                  "id": "custom.width",
                  "value": 77
                }
              ]
            },
            {
              "matcher": {
                "id": "byName",
                "options": "version"
              },
              "properties": [
                {
                  "id": "custom.width",
                  "value": 81
                }
              ]
            },
            {
              "matcher": {
                "id": "byName",
                "options": ".NET Version"
              },
              "properties": [
                {
                  "id": "custom.width",
                  "value": 111
                }
              ]
            },
            {
              "matcher": {
                "id": "byName",
                "options": "goversion"
              },
              "properties": [
                {
                  "id": "custom.width",
                  "value": 100
                }
              ]
            }
          ]
        },
        "gridPos": {
          "h": 8,
          "w": 4,
          "x": 19,
          "y": 10
        },
        "id": 34,
        "options": {
          "showHeader": true,
          "sortBy": []
        },
        "pluginVersion": "7.0.3",
        "targets": [
          {
            "expr": "app_info{job=\"wb-web_stock-api\"}",
            "format": "table",
            "instant": true,
            "interval": "",
            "legendFormat": "",
            "refId": "A"
          }
        ],
        "timeFrom": null,
        "timeShift": null,
        "title": "Info",
        "transformations": [
          {
            "id": "organize",
            "options": {
              "excludeByName": {
                "Time": true,
                "Value": true,
                "__name__": true,
                "assembly_name": true,
                "domainname": true,
                "job": true,
                "machine": true,
                "nodename": true,
                "os": true,
                "product": true,
                "runtime": true,
                "sysname": true,
                "version": false
              },
              "indexByName": {
                "Time": 0,
                "Value": 8,
                "__name__": 1,
                "instance": 3,
                "job": 4,
                "os": 2,
                "product": 5,
                "runtime": 6,
                "version": 7
              },
              "renameByName": {
                "app_version": "App Version",
                "assebmly_name": "Assembly Name",
                "dotnet_version": ".NET Version",
                "instance": "Instance"
              }
            }
          }
        ],
        "type": "table"
      },
      {
        "datasource": null,
        "fieldConfig": {
          "defaults": {
            "custom": {},
            "mappings": [],
            "thresholds": {
              "mode": "percentage",
              "steps": [
                {
                  "color": "green",
                  "value": null
                },
                {
                  "color": "red",
                  "value": 90
                }
              ]
            },
            "unit": "s"
          },
          "overrides": []
        },
        "gridPos": {
          "h": 4,
          "w": 5,
          "x": 14,
          "y": 14
        },
        "id": 46,
        "options": {
          "orientation": "auto",
          "reduceOptions": {
            "calcs": [
              "mean"
            ],
            "fields": "",
            "values": false
          },
          "showThresholdLabels": false,
          "showThresholdMarkers": true
        },
        "pluginVersion": "7.0.3",
        "targets": [
          {
            "expr": "sum(rate(process_cpu_seconds_total{job=\"wb-web_stock-api\"}[5m]))",
            "interval": "",
            "intervalFactor": 1,
            "legendFormat": "CPU",
            "refId": "B"
          }
        ],
        "timeFrom": null,
        "timeShift": null,
        "title": "CPU",
        "type": "gauge"
      },
      {
        "collapsed": false,
        "datasource": null,
        "gridPos": {
          "h": 1,
          "w": 24,
          "x": 0,
          "y": 18
        },
        "id": 55,
        "panels": [],
        "title": "Products API",
        "type": "row"
      },
      {
        "datasource": null,
        "fieldConfig": {
          "defaults": {
            "custom": {},
            "mappings": [],
            "thresholds": {
              "mode": "absolute",
              "steps": [
                {
                  "color": "green",
                  "value": null
                },
                {
                  "color": "orange",
                  "value": 120
                },
                {
                  "color": "red",
                  "value": 160
                }
              ]
            }
          },
          "overrides": []
        },
        "gridPos": {
          "h": 8,
          "w": 4,
          "x": 0,
          "y": 19
        },
        "id": 49,
        "options": {
          "colorMode": "value",
          "graphMode": "area",
          "justifyMode": "auto",
          "orientation": "auto",
          "reduceOptions": {
            "calcs": [
              "mean"
            ],
            "fields": "",
            "values": false
          }
        },
        "pluginVersion": "7.0.3",
        "targets": [
          {
            "expr": "sum without(job, instance,method, status, outcome, uri, exception) (rate(http_server_requests_seconds_count{job=\"wb-web_products-api\"}[5m]))",
            "interval": "",
            "legendFormat": "",
            "refId": "A"
          }
        ],
        "timeFrom": null,
        "timeShift": null,
        "title": "Current Active Requests",
        "type": "stat"
      },
      {
        "aliasColors": {},
        "bars": false,
        "dashLength": 10,
        "dashes": false,
        "datasource": null,
        "fieldConfig": {
          "defaults": {
            "custom": {},
            "mappings": [],
            "thresholds": {
              "mode": "absolute",
              "steps": [
                {
                  "color": "green",
                  "value": null
                },
                {
                  "color": "red",
                  "value": 80
                }
              ]
            }
          },
          "overrides": []
        },
        "fill": 1,
        "fillGradient": 0,
        "gridPos": {
          "h": 8,
          "w": 5,
          "x": 4,
          "y": 19
        },
        "hiddenSeries": false,
        "id": 50,
        "legend": {
          "avg": false,
          "current": false,
          "max": false,
          "min": false,
          "show": true,
          "total": false,
          "values": false
        },
        "lines": true,
        "linewidth": 1,
        "nullPointMode": "null",
        "options": {
          "dataLinks": []
        },
        "percentage": false,
        "pluginVersion": "7.0.3",
        "pointradius": 2,
        "points": false,
        "renderer": "flot",
        "seriesOverrides": [],
        "spaceLength": 10,
        "stack": false,
        "steppedLine": false,
        "targets": [
          {
            "expr": "sum without(job, instance,method, status, outcome, uri, exception) (rate(http_server_requests_seconds_count{job=\"wb-web_products-api\"}[5m]))",
            "interval": "",
            "legendFormat": "{{instance}}",
            "refId": "A"
          }
        ],
        "thresholds": [],
        "timeFrom": null,
        "timeRegions": [],
        "timeShift": null,
        "title": "Active Requests",
        "tooltip": {
          "shared": true,
          "sort": 0,
          "value_type": "individual"
        },
        "type": "graph",
        "xaxis": {
          "buckets": null,
          "mode": "time",
          "name": null,
          "show": true,
          "values": []
        },
        "yaxes": [
          {
            "format": "short",
            "label": null,
            "logBase": 1,
            "max": null,
            "min": null,
            "show": true
          },
          {
            "format": "short",
            "label": null,
            "logBase": 1,
            "max": null,
            "min": null,
            "show": true
          }
        ],
        "yaxis": {
          "align": false,
          "alignLevel": null
        }
      },
      {
        "aliasColors": {},
        "bars": false,
        "dashLength": 10,
        "dashes": false,
        "datasource": null,
        "fieldConfig": {
          "defaults": {
            "custom": {}
          },
          "overrides": []
        },
        "fill": 1,
        "fillGradient": 0,
        "gridPos": {
          "h": 8,
          "w": 5,
          "x": 9,
          "y": 19
        },
        "hiddenSeries": false,
        "id": 51,
        "legend": {
          "avg": false,
          "current": false,
          "max": false,
          "min": false,
          "show": true,
          "total": false,
          "values": false
        },
        "lines": true,
        "linewidth": 1,
        "nullPointMode": "null",
        "options": {
          "dataLinks": []
        },
        "percentage": false,
        "pointradius": 2,
        "points": false,
        "renderer": "flot",
        "seriesOverrides": [],
        "spaceLength": 10,
        "stack": false,
        "steppedLine": false,
        "targets": [
          {
            "expr": "sum without(job, instance,method, status, outcome, exception) (rate(http_server_requests_seconds_sum{job=\"wb-web_products-api\"}[5m]))",
            "interval": "",
            "legendFormat": "{{instance}}",
            "refId": "A"
          }
        ],
        "thresholds": [],
        "timeFrom": null,
        "timeRegions": [],
        "timeShift": null,
        "title": "Response Duration",
        "tooltip": {
          "shared": true,
          "sort": 0,
          "value_type": "individual"
        },
        "type": "graph",
        "xaxis": {
          "buckets": null,
          "mode": "time",
          "name": null,
          "show": true,
          "values": []
        },
        "yaxes": [
          {
            "format": "dtdurations",
            "label": null,
            "logBase": 1,
            "max": null,
            "min": null,
            "show": true
          },
          {
            "format": "short",
            "label": null,
            "logBase": 1,
            "max": null,
            "min": null,
            "show": true
          }
        ],
        "yaxis": {
          "align": false,
          "alignLevel": null
        }
      },
      {
        "datasource": null,
        "fieldConfig": {
          "defaults": {
            "custom": {},
            "mappings": [],
            "thresholds": {
              "mode": "percentage",
              "steps": [
                {
                  "color": "green",
                  "value": null
                },
                {
                  "color": "orange",
                  "value": 60
                },
                {
                  "color": "red",
                  "value": 80
                }
              ]
            },
            "unit": "decbytes"
          },
          "overrides": []
        },
        "gridPos": {
          "h": 4,
          "w": 5,
          "x": 14,
          "y": 19
        },
        "id": 52,
        "options": {
          "orientation": "auto",
          "reduceOptions": {
            "calcs": [
              "mean"
            ],
            "fields": "",
            "values": false
          },
          "showThresholdLabels": false,
          "showThresholdMarkers": true
        },
        "pluginVersion": "7.0.3",
        "targets": [
          {
            "expr": "sum(jvm_memory_used_bytes{job=\"wb-web_products-api\"})",
            "interval": "",
            "legendFormat": "Memory",
            "refId": "A"
          }
        ],
        "timeFrom": null,
        "timeShift": null,
        "title": "Memory",
        "type": "gauge"
      },
      {
        "datasource": null,
        "fieldConfig": {
          "defaults": {
            "custom": {
              "align": null,
              "displayMode": "auto"
            },
            "mappings": [],
            "thresholds": {
              "mode": "absolute",
              "steps": [
                {
                  "color": "green",
                  "value": null
                },
                {
                  "color": "red",
                  "value": 80
                }
              ]
            }
          },
          "overrides": [
            {
              "matcher": {
                "id": "byName",
                "options": "instance"
              },
              "properties": [
                {
                  "id": "custom.width",
                  "value": 193
                }
              ]
            },
            {
              "matcher": {
                "id": "byName",
                "options": "app_version"
              },
              "properties": [
                {
                  "id": "custom.width",
                  "value": 113
                }
              ]
            },
            {
              "matcher": {
                "id": "byName",
                "options": "assebmly_name"
              },
              "properties": [
                {
                  "id": "custom.width",
                  "value": 178
                }
              ]
            },
            {
              "matcher": {
                "id": "byName",
                "options": "Instance"
              },
              "properties": [
                {
                  "id": "custom.width",
                  "value": 77
                }
              ]
            },
            {
              "matcher": {
                "id": "byName",
                "options": "version"
              },
              "properties": [
                {
                  "id": "custom.width",
                  "value": 75
                }
              ]
            },
            {
              "matcher": {
                "id": "byName",
                "options": ".NET Version"
              },
              "properties": [
                {
                  "id": "custom.width",
                  "value": 111
                }
              ]
            },
            {
              "matcher": {
                "id": "byName",
                "options": "java_version"
              },
              "properties": [
                {
                  "id": "custom.width",
                  "value": 116
                }
              ]
            }
          ]
        },
        "gridPos": {
          "h": 8,
          "w": 4,
          "x": 19,
          "y": 19
        },
        "id": 35,
        "options": {
          "showHeader": true,
          "sortBy": []
        },
        "pluginVersion": "7.0.3",
        "targets": [
          {
            "expr": "app_info{job=\"wb-web_products-api\"}",
            "format": "table",
            "instant": true,
            "interval": "",
            "legendFormat": "",
            "refId": "A"
          }
        ],
        "timeFrom": null,
        "timeShift": null,
        "title": "Products",
        "transformations": [
          {
            "id": "organize",
            "options": {
              "excludeByName": {
                "Time": true,
                "Value": true,
                "__name__": true,
                "assembly_name": true,
                "domainname": true,
                "job": true,
                "machine": true,
                "nodename": true,
                "os": true,
                "product": true,
                "runtime": true,
                "sysname": true,
                "version": false
              },
              "indexByName": {
                "Time": 0,
                "Value": 8,
                "__name__": 1,
                "instance": 3,
                "job": 4,
                "os": 2,
                "product": 5,
                "runtime": 6,
                "version": 7
              },
              "renameByName": {
                "app_version": "App Version",
                "assebmly_name": "Assembly Name",
                "dotnet_version": ".NET Version",
                "instance": "Instance"
              }
            }
          }
        ],
        "type": "table"
      },
      {
        "datasource": null,
        "fieldConfig": {
          "defaults": {
            "custom": {},
            "mappings": [],
            "thresholds": {
              "mode": "percentage",
              "steps": [
                {
                  "color": "green",
                  "value": null
                },
                {
                  "color": "red",
                  "value": 90
                }
              ]
            },
            "unit": "s"
          },
          "overrides": []
        },
        "gridPos": {
          "h": 4,
          "w": 5,
          "x": 14,
          "y": 23
        },
        "id": 53,
        "options": {
          "orientation": "auto",
          "reduceOptions": {
            "calcs": [
              "mean"
            ],
            "fields": "",
            "values": false
          },
          "showThresholdLabels": false,
          "showThresholdMarkers": true
        },
        "pluginVersion": "7.0.3",
        "targets": [
          {
            "expr": "sum(rate(process_cpu_usage{job=\"wb-web_products-api\"}[5m]))",
            "interval": "",
            "intervalFactor": 1,
            "legendFormat": "CPU",
            "refId": "B"
          }
        ],
        "timeFrom": null,
        "timeShift": null,
        "title": "CPU",
        "type": "gauge"
      },
      {
        "collapsed": false,
        "datasource": null,
        "gridPos": {
          "h": 1,
          "w": 24,
          "x": 0,
          "y": 27
        },
        "id": 41,
        "panels": [],
        "title": "Pricing",
        "type": "row"
      },
      {
        "datasource": null,
        "description": "",
        "fieldConfig": {
          "defaults": {
            "custom": {},
            "mappings": [],
            "thresholds": {
              "mode": "absolute",
              "steps": [
                {
                  "color": "green",
                  "value": null
                }
              ]
            },
            "unit": "dtdurations"
          },
          "overrides": []
        },
        "gridPos": {
          "h": 6,
          "w": 5,
          "x": 0,
          "y": 28
        },
        "id": 37,
        "options": {
          "colorMode": "value",
          "graphMode": "area",
          "justifyMode": "auto",
          "orientation": "auto",
          "reduceOptions": {
            "calcs": [
              "mean"
            ],
            "fields": "/^minutes$/",
            "values": false
          }
        },
        "pluginVersion": "7.0.3",
        "targets": [
          {
            "expr": "batch_duration_seconds",
            "instant": true,
            "interval": "",
            "legendFormat": "minutes",
            "refId": "A"
          }
        ],
        "timeFrom": null,
        "timeShift": null,
        "title": "Last Duration",
        "transformations": [],
        "type": "stat"
      },
      {
        "datasource": null,
        "description": "",
        "fieldConfig": {
          "defaults": {
            "custom": {},
            "mappings": [],
            "thresholds": {
              "mode": "absolute",
              "steps": [
                {
                  "color": "green",
                  "value": null
                }
              ]
            },
            "unit": "dateTimeFromNow"
          },
          "overrides": []
        },
        "gridPos": {
          "h": 6,
          "w": 5,
          "x": 5,
          "y": 28
        },
        "id": 39,
        "options": {
          "colorMode": "value",
          "graphMode": "area",
          "justifyMode": "auto",
          "orientation": "auto",
          "reduceOptions": {
            "calcs": [
              "mean"
            ],
            "fields": "/^minutes$/",
            "values": false
          }
        },
        "pluginVersion": "7.0.3",
        "targets": [
          {
            "expr": "batch_last_success_seconds*1000",
            "instant": true,
            "interval": "",
            "legendFormat": "minutes",
            "refId": "A"
          }
        ],
        "timeFrom": null,
        "timeShift": null,
        "title": "Last Success",
        "transformations": [],
        "type": "stat"
      },
      {
        "datasource": null,
        "description": "",
        "fieldConfig": {
          "defaults": {
            "custom": {},
            "mappings": [],
            "thresholds": {
              "mode": "absolute",
              "steps": [
                {
                  "color": "red",
                  "value": null
                }
              ]
            },
            "unit": "dateTimeFromNow"
          },
          "overrides": []
        },
        "gridPos": {
          "h": 6,
          "w": 4,
          "x": 10,
          "y": 28
        },
        "id": 38,
        "options": {
          "colorMode": "value",
          "graphMode": "area",
          "justifyMode": "auto",
          "orientation": "auto",
          "reduceOptions": {
            "calcs": [
              "mean"
            ],
            "fields": "/^minutes$/",
            "values": false
          }
        },
        "pluginVersion": "7.0.3",
        "targets": [
          {
            "expr": "batch_last_error_seconds*1000",
            "instant": true,
            "interval": "",
            "legendFormat": "minutes",
            "refId": "A"
          }
        ],
        "timeFrom": null,
        "timeShift": null,
        "title": "Last Error",
        "transformations": [],
        "type": "stat"
      },
      {
        "datasource": null,
        "fieldConfig": {
          "defaults": {
            "custom": {
              "align": null,
              "displayMode": "auto"
            },
            "mappings": [],
            "thresholds": {
              "mode": "absolute",
              "steps": [
                {
                  "color": "green",
                  "value": null
                },
                {
                  "color": "red",
                  "value": 80
                }
              ]
            }
          },
          "overrides": [
            {
              "matcher": {
                "id": "byName",
                "options": "app_version"
              },
              "properties": [
                {
                  "id": "custom.width",
                  "value": 98
                }
              ]
            },
            {
              "matcher": {
                "id": "byName",
                "options": "assebmly_name"
              },
              "properties": [
                {
                  "id": "custom.width",
                  "value": 194
                }
              ]
            },
            {
              "matcher": {
                "id": "byName",
                "options": "version"
              },
              "properties": [
                {
                  "id": "custom.width",
                  "value": 88
                }
              ]
            },
            {
              "matcher": {
                "id": "byName",
                "options": "node_version"
              },
              "properties": [
                {
                  "id": "custom.width",
                  "value": 111
                }
              ]
            }
          ]
        },
        "gridPos": {
          "h": 6,
          "w": 3,
          "x": 14,
          "y": 28
        },
        "id": 30,
        "options": {
          "showHeader": true,
          "sortBy": []
        },
        "pluginVersion": "7.0.3",
        "targets": [
          {
            "expr": "app_info{job=\"batch\"}",
            "format": "table",
            "instant": true,
            "interval": "",
            "legendFormat": "",
            "refId": "A"
          }
        ],
        "timeFrom": null,
        "timeShift": null,
        "title": "Info",
        "transformations": [
          {
            "id": "organize",
            "options": {
              "excludeByName": {
                "Time": true,
                "Value": true,
                "__name__": true,
                "domainname": true,
                "job": true,
                "machine": true,
                "nodename": true,
                "os": true,
                "product": true,
                "runtime": true,
                "sysname": true,
                "version": false
              },
              "indexByName": {
                "Time": 0,
                "Value": 8,
                "__name__": 1,
                "instance": 3,
                "job": 4,
                "os": 2,
                "product": 5,
                "runtime": 6,
                "version": 7
              },
              "renameByName": {
                "app_version": "App Version",
                "assebmly_name": "Assembly Name",
                "dotnet_version": ".NET Version",
                "instance": "Instance"
              }
            }
          }
        ],
        "type": "table"
      }
    ],
    "schemaVersion": 25,
    "style": "dark",
    "tags": [],
    "templating": {
      "list": []
    },
    "time": {
      "from": "now-5m",
      "to": "now"
    },
    "timepicker": {
      "refresh_intervals": [
        "10s",
        "30s",
        "1m",
        "5m",
        "15m",
        "30m",
        "1h",
        "2h",
        "1d"
      ]
    },
    "timezone": "",
    "title": "ps-prom-apps",
    "uid": "Eh0VF3iGz",
    "version": 3
  }